BUREAU OF INDIAN STANDARDS,,,,,,,,,,
SOUTHERN REGIONAL LABORATORY,,,,,,,,,,
PHYSICAL VERIFICATION OF CAPITAL EQUIPMENT AS ON 29.02.2025 Mechanical Lab,,,,,,,,,,
S.No.,Name,Make,Cost Rs.P,Lab Code,Location,Dt. Rec.,Entry details in Fixed asset register,URL,QR Code,Status (Working/Not working/Condemned/To be condemned)
1,UNIVERSAL TESTING MACHINE 40 TONNE,BLUE STAR LTD,132454.98,SM006UT01,UTM-40,75 04 23,,https://docs.google.com/document/d/11iAC40p6qLp6ZLw76RpPvVo5SaQOFj4g/edit,,Working
2,AIR COMPRESSOR 10KG/CM,ELGI EQUIPMENTS,12818.92,SM061CP02,HYD,81 12 15,7 REGISTER PAGE NO. 05,https://docs.google.com/document/d/1CleXMOGpiDDK-HTJ_J6lbzfdXXCVxQpb/edit?usp=drive_link&ouid=106109192942827944520&rtpof=true&sd=true,,Working
3,FLEXING TEST MACHINE,PROLIFIC ENGINEERS,10200,SM073EF01,TEX,28-01-1983,7 REGISTER PAGE NO. 53,https://docs.google.com/document/d/1HHUhIrSTcvhCybcdUoH-74CRitziGdor/edit?usp=drive_link&ouid=106109192942827944520&rtpof=true&sd=true,,Working
4,THICKNESS GAUGE FOR FOAM,PROLIFIC ENGINEERS,,SMO74TF01,TEX,83 01 28,,https://docs.google.com/document/d/1nAetVlaz_K8rOSfTAMLdC1TuOXdjKckq/edit?usp=drive_link&ouid=106109192942827944520&rtpof=true&sd=true,,Working
5,DEADLOAD RUBBER HARDNESS TESTER,H.W. WALLACE (POUND 2985),14069.62,SM106RH01,TEX,15-07-1085,7 REGISTER PAGE NO.35,https://docs.google.com/document/d/1YQ5Jc4ml0nmwElPUTuz85OSXIfFJ7-9T/edit?usp=drive_link&ouid=106109192942827944520&rtpof=true&sd=true,,Working
6,SLIP GAUGE BOX - 112 PIECES,MITUTOYO-GRADE 'O' 2mm SERIES,,SM139SG01,MET,90 03 14,,https://docs.google.com/document/d/1XANU7vqr-HculUNbvHNbPFBciU2JvaZa/edit?usp=drive_link&ouid=106109192942827944520&rtpof=true&sd=true,,Working
7,SECONDARY STANDARD METRIC WEIGHTS,INDIA GOVT MINT 1mg to 10 kg,91627,SM164SW01,CAL,97 06 18,,https://docs.google.com/document/d/1qXWwRmNWuQM2RdKt6ouTWnXNVFe-2j_V/edit?usp=drive_link&ouid=106109192942827944520&rtpof=true&sd=true,,Working
8,DIGITAL ELECTRONIC ANEMOMETER 0.25-15MM,ACD MACHINE CONTROL CO.,13488,SM165AM02,LPG,97 11 21,7 REGISTER PAGE NO. 03,https://docs.google.com/document/d/10rO-wGHYo5n66Z-wTSwHE5r8goT1asM3/edit?usp=drive_link&ouid=106109192942827944520&rtpof=true&sd=true,,Working
9,FABRICATION OF TEST CORNER FOR LPG STOVE,PYRO,21500,SM169TC01,108E,00 09 02,7 REGISTER PAGE NO. 317,https://docs.google.com/document/d/1IaQWvItIiufn7GOkmjq78WLwqxKylx_U/edit,,
10,SECONDARY STANDARD CAPACITY MEASURES,20 ml to 5 l,54638,SM172SC01,CAL,01 02 22,,https://docs.google.com/document/d/1rLEFI80NWsWOjrhdpUTPj27R2UvdeXBp/edit?usp=drive_link&ouid=106109192942827944520&rtpof=true&sd=true,,"2L & 5L are available, Working"
11,HYDRAULIC PRESSURE TESTING EQUIPMENT,ALPHA,85500,SM173HP04,HYD,27-10-2001,7 REGISTER PAGE NO. 92,https://docs.google.com/document/d/1VXBumty7w_sHY-7tbLAYCRiI1oNKO9lY/edit?usp=drive_link&ouid=106109192942827944520&rtpof=true&sd=true,,Partially Working
12,HYDRAULIC TRIPLEX PLUN GER PUMP,ALWEN PUMPS & SYSTEMS,49070,SM178HP04,HYD,17-03-2003,7 REGISTER PAGE NO. 78,https://docs.google.com/document/d/16bcX7M6_d1yD7F4aAVmJzIqNxuOpSZy-/edit?usp=drive_link&ouid=106109192942827944520&rtpof=true&sd=true,,Working
13,VERNIER CALIPER 60 CM,MITUTOYO,15000,SM184VC03,CAL,04 03 26,,https://docs.google.com/document/d/1GUKdQ0RPdFw4l9KhdWTJBtY5ndF3FxPh/edit?usp=drive_link&ouid=106109192942827944520&rtpof=true&sd=true,,Working
14,THREAD GAUGE (SET),GRAPHICA,10000,SM193TG08,MET,04 03 31,,https://docs.google.com/document/d/16BzbWATIPD1lU5CuMj9HgyVk1bsJDIYe/edit?usp=drive_link&ouid=106109192942827944520&rtpof=true&sd=true,,Working
17,BALANCE,THE BOMBAY BURMAH TRADERS,90000,SM197BL11,CEM,06 04 07,7 REGISTER PAGE NO.15,https://docs.google.com/document/d/1ZMvZ94yzjMG06WxI7kyXz0MGUTRrXc_y/edit?usp=drive_link&ouid=106109192942827944520&rtpof=true&sd=true,,Working
18,DEEP FREEZER,ILE CO.,48360,SM198DF03,HYD,07 11 13,7 REGISTER PAGE NO.38,https://docs.google.com/document/d/1R28rLDgeEgDMQ3k2heND8ETT_1pmLKy0/edit?usp=drive_link&ouid=106109192942827944520&rtpof=true&sd=true,,Working
19,DIGIMATIC MICROMETER,MITUTOYO,16763,SM199DM01,GH,14-12-2007,7 REGISTER PAGE NO.33,https://docs.google.com/document/d/15PDokmaLbScMxb4sCdTsxncZ5z07PAT8/edit?usp=drive_link&ouid=106109192942827944520&rtpof=true&sd=true,,Not working
20,HUMIDITY CHAMBER,THE ILE CO.,221625,SM201HF03,GH,07 11 08,7 REGISTER PAGE NO.94,https://docs.google.com/document/d/1weipslohVxnA53bWU5sdOc2KAndLJGPG/edit?usp=drive_link&ouid=106109192942827944520&rtpof=true&sd=true,,Under repair
21,HUMIDITY CHAMBER,THE ILE CO.,209250,SM202HF04,GH,07 11 08,7 REGISTER PAGE NO.94,https://docs.google.com/document/d/1_03UsrBvuZvlbi-Xj7GdLjp_ZmD9N0MC/edit?usp=drive_link&ouid=106109192942827944520&rtpof=true&sd=true,,Working
22,ELECTRONIC BALANCE BSA 8201,SARTORIUS,57386,SM205BL12,LPG,21 04 2012,7 REGISTER PAGE NO. 11,https://docs.google.com/document/d/1BiO8hX84KnZTIkzkjcAukwuBVydA2-x6/edit?usp=drive_link&ouid=106109192942827944520&rtpof=true&sd=true,,Working
23,COMPRESSION TESTING MACHINE,AIMIL,603352,SM206ACTM01,CEM,20.3.2012,7 REGISTER PAGE NO. 22,https://docs.google.com/document/d/1VhjTA0CoXVbZhTa8HtPQIunBra3nFpLT/edit?usp=drive_link&ouid=106109192942827944520&rtpof=true&sd=true,,Working
24,HOT AIR OVEN,MEPCCO,44136,SM207AO04,GH,14.02.2014,,https://docs.google.com/document/d/1pR_hX2mX6ORkLwF2dO8Mxfjrgr_24HYk/edit?usp=drive_link&ouid=106109192942827944520&rtpof=true&sd=true,,Working
25,DIAL CALIPER,MEHTA DOSHI & CO.,10133,SM209DC01,MET,25.3.2015,,https://docs.google.com/document/d/1iHdSy9YYE2S-wEV0GeTmXD8cIebn9YOy/edit?usp=drive_link&ouid=106109192942827944520&rtpof=true&sd=true,,Working
26,DUMB-BELL CUTTING DIE,PROLIFIC ENGINEERS,16245,SM211DCT02,GH,17.7.14,7 REGISTER PAGE NO. 36,https://docs.google.com/document/d/1icYMQAgTsPJjIxnW1ecnHbeqIMfVfyTo/edit?usp=drive_link&ouid=106109192942827944520&rtpof=true&sd=true,,Working
27,THREAD GAUGE,ENGINEERING NEEDS,21602,SM212TG01,GH,22.11.2016,7 REGISTER PAGE NO. 157,https://docs.google.com/document/d/101yFkEpyDYAycctlmHN1vXSRi5U2MWKv/edit?usp=drive_link&ouid=106109192942827944520&rtpof=true&sd=true,,Working
28,GLOSS REFLECTANCE METER,https://docs.google.com/document/d/1fjeqJZhWxr7Qt8RJQql-hV0Uswd7SaG4/edit?usp=drive_link&ouid=106109192942827944520&rtpof=true&sd=true,64699,SM213GM02,GH,23.12.2016,7 REGISTER PAGE NO. 59,https://docs.google.com/document/d/1fjeqJZhWxr7Qt8RJQql-hV0Uswd7SaG4/edit?usp=drive_link&ouid=106109192942827944520&rtpof=true&sd=true,,Working
29,OPACITY TESTR,ELMECH PNEUMATIC INDUSTRIES PVT.TLD,74762,SM214OT04,TEX,30.12.2016,7 REGISTER PAGE NO. 111,https://docs.google.com/document/d/1nr8OdaqWClz4btwI4PHxThtf9r1xOdRM/edit?usp=drive_link&ouid=106109192942827944520&rtpof=true&sd=true,,Working
30,PRESSURE TESTING FIXTURE,SAKTHI INSTRUMENTS,64120,SM215TF01,Mech,24.10.2016,7 REGISTER PAGE NO. 137,https://docs.google.com/document/d/1CpDF_O1OvSvqgNISwSGYXJmqHsPlfbi9/edit?usp=drive_link&ouid=106109192942827944520&rtpof=true&sd=true,,Working
31,Dart Impact Tester,SAKTHI INSTRUMENTS,74425,SM216DIT01,Mech,05-01-2017,7 REGISTER PAGE NO. 31,https://docs.google.com/document/d/1CPlp_U7JAuX7qyRjKE-CmZcTcLpsy1MJ/edit?usp=drive_link&ouid=106109192942827944520&rtpof=true&sd=true,,Working
32,Flame Test Indicator,SAKTHI INSTRUMENTS,4514,SM217FT01,Mech,9/11/2017,7 REGISTER PAGE NO. 147,https://docs.google.com/document/d/1AGIBSXyCNw-f8SYAznoLnTnqN5gYfiuS/edit?usp=drive_link&ouid=106109192942827944520&rtpof=true&sd=true,, 
33,Flow Mould,AIMIL LTD,3825,SM218FM01,Mech,18-01-2017,7 REGISTER PAGE NO. 165,https://docs.google.com/document/d/1Xq6A9xZm26oYr1NsM7Dq_Ym0gS75JOS8/edit?usp=drive_link&ouid=106109192942827944520&rtpof=true&sd=true,,Working
34,Vernier Caliper,"Mehta Doshi & Co., Ch.",23423,SM219VC01,Mech,22.01.2018,7 REGISTER PAGE NO. 135,https://docs.google.com/document/d/1WJGoUoHHFBa1GIqu9ollm0j39dWRegb9/edit?usp=drive_link&ouid=106109192942827944520&rtpof=true&sd=true,,Working
35,Load test Bench(for Asbestos sheet,BAAS TECH,127912,SM221LTB 01,Mech,28.03.2018,7 REGISTER PAGE NO. 141,https://docs.google.com/document/d/1BWTf7ho1HXmPjIHz-Hh7-aBb6j5VrKPU/edit?usp=drive_link&ouid=106109192942827944520&rtpof=true&sd=true,,Working
36,Load cell Digital indicator,BAAS TECH,24898,SM222LCI 01,Mech,04.09.2018,7 REGISTER PAGE NO. 127,https://docs.google.com/document/d/1sq3pGwe97VT0z0lhyVRMhZmdFYNL5CQ_/edit?usp=drive_link&ouid=106109192942827944520&rtpof=true&sd=true,,Working
37,Fatique Test Bench,BAAS Tech,106200,SM224FTB01,Mech,07.12.2018,7 REGISTER PAGE NO.161,https://docs.google.com/document/d/1eOnm2fN42i6A8m57hgQh3SfIgObuUTKx/edit?usp=drive_link&ouid=106109192942827944520&rtpof=true&sd=true,,Working
38,Demolition hammer,Harisudha Enterprises,15000,SM225DH01,Mech,03.01.2019,7 REGISTER PAGE NO.215,https://docs.google.com/document/d/1eo2oXlksbxUpdMVvPG9Fgf9MGHj466AX/edit?usp=drive_link&ouid=106109192942827944520&rtpof=true&sd=true,,Working
39,Weighing Balance,AcurelWeighing Systems Pvt. Ltd.,14750,SM226WBL01,Mech,30.01.2019,7 REGISTER PAGE NO.470,https://docs.google.com/document/d/1JxZQfrMmfpNmlKmoZaDmWzQvGfvIPMmz/edit?usp=drive_link&ouid=106109192942827944520&rtpof=true&sd=true,,Working
40,Humidity Chamber,Inlab Equipment,234820,SM227HC01,Mech,20.02.2019,7 REGISTER PAGE NO.96,https://docs.google.com/document/d/1GQL1sidKhIhCsvXmOOw1vz5Fl9arknqX/edit?usp=drive_link&ouid=106109192942827944520&rtpof=true&sd=true,,Working
41,VST APPARATUS,SAMYA EXTRUSIONTECH,66906,SM228VST01,Mech,29.01.2019,7 REGISTER PAGE NO.151,https://docs.google.com/document/d/1BiS12ts6GCmkfLK6tchgVKThJ4PTy4OX/edit?usp=drive_link&ouid=106109192942827944520&rtpof=true&sd=true,,Working
42,Barometer,Jayasree Reva,11210,SM229BMO1,Mech,30.01.2020,7 REGISTER PAGE NO.123,https://docs.google.com/document/d/1gzSciYv28bRd-s36fCfMVDR2wEemDykB/edit?usp=drive_link&ouid=106109192942827944520&rtpof=true&sd=true,,Working
43,UPVC Inpact test machine,,,,HYD,,,https://docs.google.com/document/d/12yi8YyOYXb8-mDZE10NUbxXPO9SMH0MI/edit,,  
44,Balance 100kg for square tin test,,,,HYD,,,https://docs.google.com/document/d/1BU-pFALWLWfJlFDsGi2tjh6nlAxAng9F/edit?usp=drive_link&ouid=106109192942827944520&rtpof=true&sd=true,,Working
45,Compression set apparatus,,,,TEX,,,https://docs.google.com/document/d/1Jp7B1s2eYsbAqGObme8i2Q69_Fp86ecS/edit?usp=drive_link&ouid=106109192942827944520&rtpof=true&sd=true,,Working
46,Air Copression,Elgi Equipments,,,Mech,,7 REGISTER PAGE NO.5,https://docs.google.com/document/d/1-6X7h14XtwGRTtHriZVL5u4DW0L2DnLf/edit?usp=drive_link&ouid=106109192942827944520&rtpof=true&sd=true,,Working
47,Co measuring meter,,,,Mech,,,https://docs.google.com/document/d/1F1Wb4J9dpFCCMb7GiYRLbYrh0Lpg42Po/edit?usp=drive_link&ouid=106109192942827944520&rtpof=true&sd=true,,Working
48,Air Compression,White Star ,,,Mech,,7 REGISTER PAGE NO.5,https://docs.google.com/document/d/1n-YwJQU3b4-n8hheXXvPVnwXxV3gbzfh/edit?usp=drive_link&ouid=106109192942827944520&rtpof=true&sd=true,,Working
49,THREAD GAUGES,"CIPET, BHUBANESHWAR",174168,SM 230TG 01,Mech,04.08.2020,7 REGISTER PAGE NO. 157,https://docs.google.com/document/d/1EcZ2E9TGDl7Xymcll0tMYOEEHhdqR096/edit?usp=drive_link&ouid=106109192942827944520&rtpof=true&sd=true,,Working
50,digital infrared thermometer,FUTURE ELECTRONICS,11495.15,SM 231 DIT 01,Mech,17.09.2020,7 REGISTER PAGE NO. 321,https://docs.google.com/document/d/1KLPKT1I8JGSz2kU72JPP5e-sbmiojWWl/edit?usp=drive_link&ouid=106109192942827944520&rtpof=true&sd=true,,Working
51,Fixture for pull out strength of rubber base,BAAS TECH,24898,SM 232 FPS 01,Mech,08.10.2020,7 REGISTER PAGE NO.162,https://docs.google.com/document/d/1xs-xgGeZl59jJImsXV815ggYzK95jL08/edit?usp=drive_link&ouid=106109192942827944520&rtpof=true&sd=true,,Working
52,valve core leakage equipment,BAAS TECH,23482,SM 233 VCL 01,Mech,14.10.2020,7 REGISTER PAGE NO. 428,https://docs.google.com/document/d/1OvKGmA0Jdx5SE0cae8qBxNC5JSqlHOde/edit?usp=drive_link&ouid=106109192942827944520&rtpof=true&sd=true,,Working
53,ultrasonic Thickness gauge,BLUE STAR ENGG & ELECTRONICS LTD,249570,SM 234 UTG 01,Mech,04.11.2020,7 REGISTER PAGE NO.408,https://docs.google.com/document/d/1EoCUFtnTfXosszzcimli9fa1Q0QRQdBr/edit?usp=drive_link&ouid=106109192942827944520&rtpof=true&sd=true,,Working
54,yo yo ball tester,RAMP IMPEX (INDIA) PVT LTD,53911,SM 235 YOYO 01,Mech,21.10.2020,,https://docs.google.com/document/d/1Ad4np1-z9p4EfQ0I-3GWaPtJ-hfTBf1o/edit?usp=drive_link&ouid=106109192942827944520&rtpof=true&sd=true,,Working
55,pendulum test apparatus,RAMP IMPEX (INDIA) PVT LTD,56448,SM 236 PTA 01,Mech,04.11.2020,7 REGISTER PAGE NO.282,https://docs.google.com/document/d/1crztWkLgVh0sAtCokicNJD6HRihIv_RR/edit?usp=drive_link&ouid=106109192942827944520&rtpof=true&sd=true,,Working
56,THREAD GAUGES,SIZE MASTER GAUGES & TOOLS,47546.47,SM 237 TG 02,Mech,21.10.2020,7 REGISTER PAGE NO.158,THREAD GAUGES_SM237TG02_MECH.docx,,Working
57,washing machine,SAI INDUSTRIAL ALLIANCES P LTD,48200,SM 238 WM 01,Mech,05.10.2020,7 REGISTER PAGE NO.140,https://docs.google.com/document/d/1eogqJ-zyban5Mz8HCrVFUPbCaqSutpAA/edit?usp=drive_link&ouid=106109192942827944520&rtpof=true&sd=true,,Working
58,thread gauges for tubes valves,ACCUSIZE GAUGES & TOOLS PVT LTD,50879.71,SM 239 TG 03,Mech,09.11.2020,7 REGISTER PAGE NO.158,https://docs.google.com/document/d/1pSjMfMfqK9_CuZIfNCI-gzkDE68hsZqO/edit?usp=drive_link&ouid=106109192942827944520&rtpof=true&sd=true,,Working
59,inclined plane,BAAS TECH,28438,SM 240 IP 01,Mech,01.12.2020,7 REGISTER PAGE NO.323,https://docs.google.com/document/d/1OvZOP0QI3VsILMHJ2Kr8T2B2bQmD9p30/edit?usp=drive_link&ouid=106109192942827944520&rtpof=true&sd=true,,Working
60,Test set up for steering tube,RAMP IMPEX (INDIA) PVT LTD,158563,SM 241 TST 01,Mech,11-01-2021,7 REGISTER PAGE NO.143,https://docs.google.com/document/d/1aenY0R_vT40kkrH6RH4B3TlB2gzDcNhX/edit?usp=drive_link&ouid=106109192942827944520&rtpof=true&sd=true,,Working
61,Dynamic strength of barriers,RAMP IMPEX (INDIA) PVT LTD,184567,SM 242 DSB 01,Mech,11-01-2021,7 REGISTER PAGE NO.169,https://docs.google.com/document/d/1I1viKzlqb_3mP-tIuIPkssVuBKpslAkO/edit?usp=drive_link&ouid=106109192942827944520&rtpof=true&sd=true,,Working
62,1)stability Tester,RAMP IMPEX (INDIA) PVT LTD,121141.75,SM 243(1) ST 01,Mech,11-01-2021,7 REGISTER PAGE NO.171,https://docs.google.com/document/d/1W0sT0JXHicabwaXLeCSHFpheziWEkMge/edit?usp=drive_link&ouid=106109192942827944520&rtpof=true&sd=true,,Working
63,2)Load for Strength Stability,RAMP IMPEX (INDIA) PVT LTD,163947.25,SM 243(2) LS 01,Mech,11-01-2021,7 REGISTER PAGE NO.173,https://docs.google.com/document/d/1rQ0sGBrvN3cILgiL8NEoZbEibttAgLCK/edit?usp=drive_link&ouid=106109192942827944520&rtpof=true&sd=true,,Working
64,Kinetic Energy Tester,RAMP IMPEX (INDIA) PVT LTD,196617,SM 244 KET 01,Mech,11-01-2021,7 REGISTER PAGE NO.145,https://docs.google.com/document/d/1tW7pBUDx2n3aswdt7bCc1hAyqw3-Aodz/edit?usp=drive_link&ouid=106109192942827944520&rtpof=true&sd=true,,Working
65,Mouth toy endure and mouth actuated,RAMP IMPEX (INDIA) PVT LTD,200423,SM 245 MTE 01,Mech,11-01-2021,7 REGISTER PAGE NO.163,https://docs.google.com/document/d/13iKUmR9ElWCM-SSuVDeH4tyR06hu2y_E/edit?usp=drive_link&ouid=106109192942827944520&rtpof=true&sd=true,,Working
66,Durability tester and toys chest lid tester,RAMP IMPEX (INDIA) PVT LTD,183932,SM 246 DTR 01,Mech,11-01-2021,7 REGISTER PAGE NO.175,https://docs.google.com/document/d/1CbAeTW7-WbKRLhJtncWNOIKpUELd_EL6/edit?usp=drive_link&ouid=106109192942827944520&rtpof=true&sd=true,,Working
67,Radius Pliers,RAMP IMPEX (INDIA) PVT LTD,9514,SM 247 RP 01,Mech,13.01.2021,7 REGISTER PAGE NO. 61,https://docs.google.com/document/d/1Zg88-8He7Kxr2cTOhbiXn5W-E_bfduTc/edit?usp=drive_link&ouid=106109192942827944520&rtpof=true&sd=true,,Working
68,Loads for tests,S K ENTERPRISES,191158,SM 248 LFT 01,Mech,27.01.2021,7 REGISTER PAGE NO. 235,https://docs.google.com/document/d/1WUTCp5Teq_Dia8or1QH6sdGwnHeqvIJR/edit?usp=drive_link&ouid=106109192942827944520&rtpof=true&sd=true,,Working
69,Force gauge assembly rod,S K ENTERPRISES,20833,SM 249 FGAR 01,Mech,27.01.2021,7 REGISTER PAGE NO. 233,https://docs.google.com/document/d/1nzzc4dLNt1vsV8itFrSr_PcG2Dzu5I7g/edit?usp=drive_link&ouid=106109192942827944520&rtpof=true&sd=true,,Working
70,Head probe,S K ENTERPRISES,21022,SM 250 HP 01,Mech,27.01.2021,7 REGISTER PAGE NO. 203,https://docs.google.com/document/d/1ihcKi4K3jFD6VFVsFVK_ke0etYelAn5R/edit?usp=drive_link&ouid=106109192942827944520&rtpof=true&sd=true,,Working
71,Impact test apparatus with steel ball,S K ENTERPRISES,57638,SM 251 ITA 01,Mech,27.01.2021,7 REGISTER PAGE NO. 229,https://docs.google.com/document/d/1pn0tZ0ixZvqV-OxToKb-I75IAVmaNvyK/edit?usp=drive_link&ouid=106109192942827944520&rtpof=true&sd=true,,Working
72,Force gauge/Push pull gauge,RAMP IMPEX (INDIA) PVT LTD,53277,SM 252 FG 01,Mech,22.02.2021,7 REGISTER PAGE NO. 335,https://docs.google.com/document/d/1s2tnw6C1UXA-GUBjPh9Y2m6EeOCsov_7/edit?usp=drive_link&ouid=106109192942827944520&rtpof=true&sd=true,,Working
73,Articulated acessbility probe A & B,ASIAN TEST EQUIPMENTS,56345,SM 253 AP 01,Mech,23.02.2021,7 Register page no. 329,https://docs.google.com/document/d/1o7_sLAAIRkE2zeIy5MMp9neUtUu7zAYP/edit?usp=drive_link&ouid=106109192942827944520&rtpof=true&sd=true,,Working
74,Toggle test device,ASIAN TEST EQUIPMENTS,29500,SM 254 TTD 01,Mech,23.02.2021,7 Register page no. 327,https://docs.google.com/document/d/1O6FiU70t_corByxfGTQjoCmT9xxAcP2c/edit?usp=drive_link&ouid=106109192942827944520&rtpof=true&sd=true,,Working
75,Lower force micro meter,ASIAN TEST EQUIPMENTS,66080,SM 255 LFM 01,Mech,23.02.2021,7 Register page no. 331,https://docs.google.com/document/d/11Pvy2awQOltQQuZO8RUv5K46cF6gQpWu/edit?usp=drive_link&ouid=106109192942827944520&rtpof=true&sd=true,,Working
76,Flammability tester,ASIAN TEST EQUIPMENTS,135700,SM 256 FT 01,Mech,23.02.2021,7 Register page no. 333,https://docs.google.com/document/d/1BQyEYgYFLD_7tPI4HOyT8S_wlNndp7cG/edit?usp=drive_link&ouid=106109192942827944520&rtpof=true&sd=true,,Working
77,Sharp edge tester,ASIAN TEST EQUIPMENTS,53100,SM 257 SET 01,Mech,23.02.2021,7 Register page no. 325,https://docs.google.com/document/d/1eN_mWScVhlC4Jj7pENs8GfKNofE7u-BR/edit?usp=drive_link&ouid=106109192942827944520&rtpof=true&sd=true,,Working
78,Water Absorption test apparatus for vitreous sanitary appliance,BAAS TECH,220306,SM 258 WAT 01,Mech,01-03-2021,7 A Register page no. 149,https://docs.google.com/document/d/1q5URAcKpy6ql9V81j8Cu7POZrj2hdVxq/edit?usp=drive_link&ouid=106109192942827944520&rtpof=true&sd=true,,Working
79,Bendability of Volve Stem,BAAS TECH,24898,SM 259 BVS 01,Mech,15.02.2021,7 A Register page no. 153,https://docs.google.com/document/d/10aa8bBIaiaI6MUvs_oJ8D4ndbEYxeO5z/edit?usp=drive_link&ouid=106109192942827944520&rtpof=true&sd=true,,Working
80,Torque Gauge,S K EQUIPMENTS,57638,SM 260 TG 01,Mech,08.04.2021,7 Register page no.337,Break Performance Tester.docx,,Working
81,Break Performance Tester,ASIAN TEST EQUIPMENTS,123900,SM 261 BPT 01,Mech,03.02.2021,7 A Register page no. 11,https://docs.google.com/document/d/19GKns9Q3wYiQSX46o3lumPRUpHxPIRbb/edit?usp=drive_link&ouid=106109192942827944520&rtpof=true&sd=true,,Working
82,Sharp Point Tester,ASIAN TEST EQUIPMENTS,31860,SM 262 SPT 01,Mech,03.02.2021,7 A Register page no. 181,https://docs.google.com/document/d/1Q-LabxGetQaGvFsUHHMzSJzPh0vwr4wY/edit?usp=drive_link&ouid=106109192942827944520&rtpof=true&sd=true,,Working
83,Durabilioty Tester,ASIAN TEST EQUIPMENTS,247800,SM 263 DT 01,Mech,03.02.2021,7 A Register page no. 41,https://docs.google.com/document/d/1RuLhNeMMKYDCszQMJKKRfEloFiv_uFQF/edit?usp=drive_link&ouid=106109192942827944520&rtpof=true&sd=true,,Working
84,Impact Strength apparatus (cl. 8.2 IS 5820),BAAS TECH,34456,SM 264 ISA 01,Mech,28.10.2021,7 A Register page no. 91,https://docs.google.com/document/d/1ImMcBAPVgHAlDqWw9wtQoxQOT_ZpgB_i/edit?usp=drive_link&ouid=106109192942827944520&rtpof=true&sd=true,,Working
85,Arrangement for loadiong for transerve Strength IS 2095(Pt-1),BAAS TECH,28674,SM 265 ALTS 01,Mech,28.10.2021,7 A Register page no. 201,Arrangement for loading for transerve Strength IS 2095(Pt-1)_SM265ALTS01_MECH.docx,,Working
86,Shaper Machine,Soham Impax,460200,SM 266 SM 01,Mech,11.05.2021,7 A Register page no. 182,https://docs.google.com/document/d/1_g4wMOQ8QYfDX6EVszIY39KobZ8WI_90/edit?usp=drive_link&ouid=106109192942827944520&rtpof=true&sd=true,,Working
87,Arrangement for loadiong for transerve Strength IS 5820 -1970,BAAS TECH,32332,SM 267 ALTS 01,Mech,25.02.2022,7 A Register page no. 202,https://docs.google.com/document/d/1JPxtap_Qz_bG6L0AxBOaO_d7B1ovGBg4/edit?usp=drive_link&ouid=106109192942827944520&rtpof=true&sd=true,,Working
88,Micrometer,Akola Trading Corporation,21098,SM 268 MM 01,Mech,16.09.2022,7 A Register page no. 131,https://docs.google.com/document/d/1v3mYjzZjCRIaUObmHIvlq7JPxL3xLEh1/edit?usp=drive_link&ouid=106109192942827944520&rtpof=true&sd=true,,Working
89,Point ended Micrometer,Raj International,21986.94,SM 269 PMM 01,Mech,11.10.2022,7 A Register page no. 131,https://docs.google.com/document/d/1c2OZG5D14QCqqSwdT-4kLTsjO5Fq_uML/edit?usp=drive_link&ouid=106109192942827944520&rtpof=true&sd=true,,Working
90,Hot Plate,Digiqual Systems,19399.99,SM 270 HP 01,Mech,10.09.2022,7 A Register page no. 178,https://docs.google.com/document/d/1UdPV4xhu_3wiasD3SUWMMT4btSsYL84v/edit?usp=drive_link&ouid=106109192942827944520&rtpof=true&sd=true,,Working
91,Water Bath,Science Enterprises,22500,SM 271WB 01,Mech,30.09.2022,7 A Register page no. 220,https://docs.google.com/document/d/1Lbv9i7YpmziHO0fyruTkb6CxoFsF0VI7/edit?usp=drive_link&ouid=106109192942827944520&rtpof=true&sd=true,,Working
92,Vernier Calipers,Sri Sai Enterprises,17083.98,SM272VC 02,Mech,08.08.2022,7 A Register page no. 167,https://docs.google.com/document/d/1xiwyEkDrw8X14lVhMzwRNslL-NLF6BR7/edit?usp=drive_link&ouid=106109192942827944520&rtpof=true&sd=true,,Working
93,Vernier Calipers,Sri Sai Enterprises,17083.98,SM273VC 03,Mech,08.08.2022,,https://docs.google.com/document/d/1dKnMwbQgLccApU0soWKxAajLJT7ERmp5/edit?usp=drive_link&ouid=106109192942827944520&rtpof=true&sd=true,,Working
94,Computerized Compressive Testing Machine(3000KN) with separate attachment for 500KN,Enkay Enterprises,369000,SM274CCTM 01,Mech,03.03.2021,7 A Register page no. 31,https://docs.google.com/document/d/1SFRBMRB4GoJrVBwEGKKU2VsAadU4Gn-o/edit?usp=drive_link&ouid=106109192942827944520&rtpof=true&sd=true,,Working
95,Hot Air Oven-2 Nos,Digiqual Systems,249000,SM 275 HAO 05,MECH,01.12.2022,7 A Register page no. 180,https://docs.google.com/document/d/1TEj1OqprpkHEi9o7xXW2UXqScCQdJX2P/edit?usp=drive_link&ouid=106109192942827944520&rtpof=true&sd=true,,Working
96,Hot Air Oven-2 Nos,Digiqual Systems,249000,SM 276 HAO 06,MECH,01.12.2022,7 A Register page no. 180,https://docs.google.com/document/d/1yIiehjkRmz9U4sauIHdkhBRXStnctjPK/edit?usp=drive_link&ouid=106109192942827944520&rtpof=true&sd=true,,Working
97,Arrangement for Thermal Efficiency Testing,Baas Tech,19942,SM277TET01,Mech,06.12.2022,7 A Register page no. 2,https://docs.google.com/document/d/17F8OtpA8Pb7lGo6-XfT7Ekx13KVkzyuj/edit?usp=drive_link&ouid=106109192942827944520&rtpof=true&sd=true,,Working
98,Hydropneumatic Cutter,BaaS TECH,221368,SM278HC01,Mech,02.01.2023,7 A Register page no. 183,https://docs.google.com/document/d/1Os3DVD89PIPYTuYRlxtD6Mf14rvbVO0y/edit?usp=drive_link&ouid=106109192942827944520&rtpof=true&sd=true,,Working
99,Transperancy,DSH Equipments,46725,SC233TM01,Mech,06.11.2015,,https://docs.google.com/document/d/1AiCMZg8tCHInLGAcyV_ON0Cv9l6g44fM/edit?usp=drive_link&ouid=106109192942827944520&rtpof=true&sd=true,,Working
100,Blood Penetration resistance apparatus,BAAS TECH,24190,SC275BP01,Mech,24.08.2020,,https://docs.google.com/document/d/1MY2NHHsh_zvAJ1kVlz-TWoxUhzBIwWm2/edit?usp=drive_link&ouid=106109192942827944520&rtpof=true&sd=true,,Working
101,Incubator-1,SAKTHI INSTRUMENTS,79234,SC238IB04,Mech,29.03.2017,,https://docs.google.com/document/d/1GRgpjKCR7N7DvmDyJ6RTjwJ_HtvttBbt/edit?usp=drive_link&ouid=106109192942827944520&rtpof=true&sd=true,,Working
102,Incubator-2,SAKTHI INSTRUMENTS,97325,SC231IB03,Mech,03.09.2015,,https://docs.google.com/document/d/1vH6VDbvaVvmgOtWoe9oSyzDGypQ7YWpb/edit?usp=drive_link&ouid=106109192942827944520&rtpof=true&sd=true,,Working
103,Circular Saw Cutter,Goyal Engineering & Electricals,10267,SM 279 CSC 01,Mech,29.03.2023,7 A Register page no. 50.,https://docs.google.com/document/d/1Z2rUNvxXjDowZsBIHQRgOlc-J9KkCcPk/edit?usp=drive_link&ouid=106109192942827944520&rtpof=true&sd=true,,Working
104,Light Intensity Meter,Hover Labs,10000,SM 280 LIM 01,Mech,29.03.2023,7 A Register page no. 16,Light Intensity Meter_SM280LIM01_MECH.docx,,Working
105,Vernier Caliper,True Sense,"19,132",SM 281 VC 01,Mech,30.03.2023,7 A Register page no. 167,Vernier Caliper_SM281VC01_MECH.docx,,Working
106,Digital Spherical Face Micrometer,Perfect Enterprises,19954,SM 282 DSFC 01,Mech,05.04.2023,7 A Register page no. 131,https://docs.google.com/document/d/1D--rQ1SSV9R1iaqX1ARjkIaAk1z_DL42/edit?usp=drive_link&ouid=106109192942827944520&rtpof=true&sd=true,,Working
107,Humidifier,Vigyan Enterprises,11900,SM 283 HU 01,Mech,29.05.2023,7 A Register page no. 45,https://docs.google.com/document/d/1qzvaqbdVxun-CN8LROb8phPcUqF_hegG/edit?usp=drive_link&ouid=106109192942827944520&rtpof=true&sd=true,,Working
108,Bench Top Cut-Off Saw,Batten Engineering India Private Limited,12570,SM 284 BTCS 01,Mech,10.08.2023,7 A Register page no. 35,https://docs.google.com/document/d/14mdI9ghP_OQosgxIgkaOFEgH8tZfdXkE/edit?usp=drive_link&ouid=106109192942827944520&rtpof=true&sd=true,,Working
109,Eccentricity Gauge,BAAS TECH,6844,SM 285 EG 01,Mech,27.04.2023,7 A Register page no. 192,https://docs.google.com/document/d/1We-QPnqScVtVgXQh7fSgX9h7CTUC98U0/edit?usp=drive_link&ouid=106109192942827944520&rtpof=true&sd=true,,Working
110,Verticality Gauge,BAAS TECH,11092,SM 286 VG 01,Mech,27.04.2023,7 A Register page no. 190,https://docs.google.com/document/d/1lDPdfpCNCmLcTUzcCnDlSSP_nDDjuvZ7/edit?usp=drive_link&ouid=106109192942827944520&rtpof=true&sd=true,,Working
111,Fatigue resistance test equipment,BAAS TECH,248980,SM 287 FRTE 01,Mech,08.11.2022,7 A Register page no. 60,https://docs.google.com/document/d/11kZatlIhBoNhZseMc-8ndhDmHPgpIVbI/edit?usp=drive_link&ouid=106109192942827944520&rtpof=true&sd=true,,Working
112,Automatic Blaine's appartus,AIMIL LTD,212400,SM 288 ABA 01,Mech,23-09-2023,7 A Register page no. 26,https://docs.google.com/document/d/1c_jFM2A6GUGHzGHciRptpr_UB7Fk53oK/edit?usp=drive_link&ouid=106109192942827944520&rtpof=true&sd=true,,Working
113,Vibration Machine,AIMIL LTD,91450,SM 289 VM 01,Mech,25-11-2023,7 A Register page no. 38,https://docs.google.com/document/d/1PBBACaEf6WtR0qwjJuSPvmUUW0WHml6F/edit?usp=drive_link&ouid=106109192942827944520&rtpof=true&sd=true,,Working
114,Automated Planetary Mixer,AIMIL LTD,102542,SM 290 APM 01,Mech,31-10-2023,7 A Register page no. 18,https://docs.google.com/document/d/1eXsBhvQSh2mLaOxei4PlMDIxXmI-6QfV/edit?usp=drive_link&ouid=106109192942827944520&rtpof=true&sd=true,,Working
115,Thermal Shock Test Equipment,BAAS TECH,70564,SM 291 TSTE 01,Mech,15-09-2023,7 A Register page no. 32,https://docs.google.com/document/d/1HJ3l7vHgKp44V6BiyTg6Pdzb4ke7vfKW/edit?usp=drive_link&ouid=106109192942827944520&rtpof=true&sd=true,,Working
116,Curing Tank,FERROTEK Equipment,249570,SM 292 CT 01,Mech,20-12-2023,7 A Register page no. 40,https://docs.google.com/document/d/1Fpv7FW781F1GEmcBdEqtZXpj7-DefWxV/edit?usp=drive_link&ouid=106109192942827944520&rtpof=true&sd=true,,Working
117,UPVC End Fittings size 63 mm,Shiwa Engineers,35206.48,SM 293 UPVCEF 01,Mech,10/1/2024,7 A Register page no. 36,https://docs.google.com/document/d/1EcKUoGsR0Xzb2FY4UHeHxRy4bprBadG2/edit?usp=drive_link&ouid=106109192942827944520&rtpof=true&sd=true,,Working
118,UPVC End Fittings size 75 mm,Shiwa Engineers,42311.26,SM 294 UPVCEF 02,Mech,10/1/2024,7 A Register page no. 36,https://docs.google.com/document/d/1NyAt8AIGg85cM4f3o0oKORC9nyQvobGT/edit?usp=drive_link&ouid=106109192942827944520&rtpof=true&sd=true,,Working
119,UPVC End Fittings size 90 mm,Shiwa Engineers,52434.48,SM 295 UPVCEF 03,Mech,10/1/2024,7 A Register page no. 36,https://docs.google.com/document/d/1mr-Xakx2a3CiZLKXS5nSg-dg-YqATxbR/edit?usp=drive_link&ouid=106109192942827944520&rtpof=true&sd=true,,Working
120,Gas Analyser (CO/CO2),Elmack Engg Services,204000,SM 296 GA 01,Mech,26-12-2024,7 A Register page no. 14,https://docs.google.com/document/d/1KvEzbprbX46-OmvDKB1PTizaxOwsKHg1/edit?usp=drive_link&ouid=106109192942827944520&rtpof=true&sd=true,,Working
121,Lightweight Table Saw,Shrimma Power Tools,22420,SM 297 LTS 01,Mech,27-02-2024,7 A Register page no. 42,https://docs.google.com/document/d/19HoFWoB92QOW-g-nDDZ-S-Jnpwte_0PE/edit?usp=drive_link&ouid=106109192942827944520&rtpof=true&sd=true ,,Working
122,ACC Block Cutter,Shrimma Power Tools,30680,SM 298 ABC 01,Mech,27-02-2024,7 A Register page no. 43,https://docs.google.com/document/d/17byYljFCJnHYWyHxtsVVV_zHud8OM796/edit?usp=drive_link&ouid=106109192942827944520&rtpof=true&sd=true,,Working
123,Belt Grinder,Shrimma Power Tools,10030,SM 299 BG 01,Mech,27-02-2024,7 A Register page no. 44,https://docs.google.com/document/d/127UyZmEfj4EcSryQp9Gj1sJdWq-ndlDl/edit?usp=drive_link&ouid=106109192942827944520&rtpof=true&sd=true,,Working
124,Vitreous Sanitary ware Fixture for load bearing test,Baas Tech,146320,SM 300 VSF 01,Mech,26-02-2024,7 A Register page no. 51,https://docs.google.com/document/d/1C9zRxV7Nt2LsOhAn6nzyi8qvguM16jncUWhn5FjZSKk/edit,,Working
125,Squareness Gauge 500*500,S.A.TOOLS,19470,SM 301 SQ 01 A,Mech,9-11-23,7 A Register page no. 46,https://docs.google.com/document/d/1Q443JVomN6gOyECiTX2ZBYPmc7AfvdvrkQtoCezE09M/edit,,Working
126,Squareness Gauge 1200*1200,S.A.TOOLS,38350,SM 302 SQ 01 B,Mech,9-11-23,7 A Register page no. 47,https://docs.google.com/document/d/1w9CGmYKb4wPi8hf4eBPVYWFN4AIXCzBkFKnpAwo5NKc/edit,,Working
127,Straightness Gauge 2500*50,S.A.TOOLS,35164,SM 303 ST 01,Mech,9-11-23,7 A Register page no. 48,https://docs.google.com/document/d/17c_Tov8haK0lqVpfjMZ4h9GxBwNgonu5wIFTeTe21_8/edit,,Working
128,Impact Wrench,Goyal Tool House,20795.52,SM 304 IW 01,Mech,20-10-2023,7 A Register page no. 49,https://docs.google.com/document/d/1zyRGook64DLDYsPgAe9SJXycvn7uBDibrUNVBoXrAzI/edit,,Working
129,Coating Thickness Gauge,Khushboo Scientific Private Limited,100000,SM 305 CTG 01,Mech,21-03-2024,7 A Register page no. 52,https://docs.google.com/document/d/1wt6_b0UCcaqwNk5ZsdR3_vcAxzG4ZnmX8f3_cUycKBc/edit,.,Working
130,Semi Micro Balance,Nona Technologies Private Limited,124993,SM 306 SMB 01,Mech,28-03-2024,7 A Register page no. 53,https://docs.google.com/document/d/1h9wcAiAWAX2ay6c-9QBqib3GbdxJTx-uc4Wy3ByHZtA/edit,,Working
131,VICAT Softening Temperature Apparatus,Deepak Poly-Plast Pvt Ltd,212784,SM 307 VST 02,Mech,22.07.2024,7 A Register page no. 54,https://docs.google.com/document/d/1dcRGQsGFB7RnXBHyvVMYHUeIiCQ9rI3m/edit?usp=drive_link&ouid=106109192942827944520&rtpof=true&sd=true,,Working
132,Sodium Chloride Bath,Sigma Scientific Products,123900,SM 308 SCB 01,Mech,06-08-2024,7 A Register page no. 55,https://docs.google.com/document/d/14HaGyhesPOBc7aF6OdUpYRA3Nzdr9n7q/edit?usp=sharing&ouid=106109192942827944520&rtpof=true&sd=true,,Working
133,Glacial Acetic Acid Bath,Sigma Scientific Products,123900,SM 309 GAB 01,Mech,06-08-2024,7 A Register page no. 56,https://docs.google.com/document/d/1025rqiS9xQxFsNmAjG37ven_PiVhb0Gt/edit,,Working
134,Vertical Band Saw,Accurate Cutting Systems Pvt. Ltd.,1600000,SM 310 BS 02,Mech,30-08-2024,7 A Register page no. 57,https://docs.google.com/document/d/1OVal3IIX56H6hRIYGdxO95gd-cG6hY6z/edit,,Working
135,Static Bending Test Equipment,Bluestar Engineering & Electronics Ltd,2372500,SM 311 SBTE 01,Mech,25-03-2024,7 A Register page no. 58,Static Bending Test Equipment.docx - Google Docs,,Working
136,Test set up for induction and 3 ply bottom cookers,BAAS TECH,"2,48,980",SM 312 TSCK 01,Mech,13.09.2024,7 A Register page no. 62,Test set up for induction and 3 ply bottom cookers.docx - Google Docs,,Working
137,Humidity Chamber,Digiqual Systems,154633,SM 313 HC 05,Mech,28.09.2024,,Humidity Chamber.docx - Google Docs,,Working
138,Humidity Chamber,Digiqual Systems,154633,SM 314 HC 06,Mech,30.09.2024,,Copy of Humidity Chamber 06.docx - Google Docs,,Working
139,Humidity Chamber,Digiqual Systems,154633,SM 315 HC 07,Mech,30.09.2024,,Humidity Chamber 07.docx - Google Docs,,Working
140,Cooker Handle Test Bench,Fabricon Engineering Technology,"2,48,980",SM 316 CHTB 01,Mech,13.09.2024,7 A Register page no. 64,Cooker Handle Test Bench.docx - Google Docs,,Working
141,Hardwood Board with Steel Frame Fixture,BAAS TECH,74812,SM 317 HBSF 01,Mech,13.09.2024,7 A Register page no. 63,https://docs.google.com/document/d/1gwaVGn6nmetPrfIeQ-xD1PLFwawdKVZB/edit,,Working
142,OPACITY Tester,Deepak Poly-Plast Pvt Ltd,85226,SM 318 OT 02,Mech,25.09.2024,7 A Register page no. 59,https://docs.google.com/document/d/18cYfdI6l53cQjNDL-4gmgduP2IP_s6x2/edit,,Working
143,Melt Flow Rate Index TESTER,Deepak Poly-Plast Pvt Ltd,136134,SM 319 MFR 01,Mech,25.09.2024,7 A Register page no. 61,Melt Flow Rate Index Tester.docx - Google Docs,,Working
144,Environmental Stress Cracking Resistance Apparatus,Deepak Poly-Plast Pvt Ltd,265500,SM 320 ESCR 01,Mech,12.11.2024,7 A Register page no. 65,Environmental Stress Cracking Resistance Apparatus .docx - Google Docs,,Working
145,Gas Flow Meter,Instrumentation and Scientific Instruments Pvt. Ltd.,42480,SM 321 GF 04,Mech,25.11.2024,7 A Register page no. 66,Gas Flow Meter.docx - Google Docs,,Working
146,Storage Rack,MACTECH ENGINEERS PRIVATE LIMITED,"61,714",SM 322 SR 01,Mech,08.11.2024,7 A Register page no. 68,https://docs.google.com/document/d/1_vAK8EQmKZAau6uR4rCyQXrio8UP04GL/r/edit/edit,,Working
147,Autoclave for vitreousware,FERROTEK Equipment,407100,SM 323 AC 07,Mech,27.12.2024,7 A Register page no. 67,Autoclave for vitreous ware.docx - Google Docs,,Working
148,Water resistance test equipment,Digiqual Systems,174720,SM 324 WRTE 01,Mech,6.11.2024,7 A Register page no. 72,https://docs.google.com/document/d/1UO9CzDfIuVeQlBZ35aMEhfNU52iPRK8a/edit,,Working
149,Water resistance test equipment,Digiqual Systems,174720,SM 325 WRTE 02,Mech,6.11.2024,7 A Register page no. 72,WATER RESISTANCE TEST EQUIPMENT SM 325.docx - Google Docs,,Working
150,Water resistance test equipment,Digiqual Systems,174720,SM 326 WRTE 03,Mech,6.11.2024,7 A Register page no. 72,WATER RESISTANCE TEST EQUIPMENT SM 326.docx - Google Docs,,Working
151,Curing Tank,FERROTEK Equipment,278385,SM 327 CT 02,Mech,29.01.2025,,https://docs.google.com/document/d/1G7L-1Wq_jyb9vDIrnvbksCLjkZpaCTgV/edit,,Working
152,Automatic Compression Testing Machine,AIMIL Ltd,"14,00,000",SM 328 ACTM 02,Mech,29.10.2024,7 A Register page no. 69,https://docs.google.com/document/d/1t4kCtHglJHCXWhmuRYG2h9y-y1ZAdpSH/edit,,Working
153,ACC Block Cutter,DM CORPORATION,"2,38,478",SM 329 ABC 02,Mech,13.02.2025,7 A Register page no. 70,https://docs.google.com/document/d/1WPfz2YuWx-DuAenn_YXUC9ok4lnQmlBl/edit,,Working
154,Water Bath,Sigma Scientific Products,49500,SM 330 WB 02,Mech,09.01.2025,7 A Register page no. 71,WATER BATH .docx - Google Docs,,Working
155,B.O.D Tray,Sigma Scientific Products,"1,13,280 ",SM 331 BOD 01 - 15,Mech,17-03-2025,7 A Register page no. 71,https://docs.google.com/document/d/1mytDrNx9UlUEitij2yExYtSw6smr2ELN/edit?usp=sharing&ouid=106109192942827944520&rtpof=true&sd=true,,Working
156,CEMENT AUTOCLAVE,FERROTEK Equipment,"2,30,100.00",SM 331 CA 01,Mech,01-05-2025,7 A Register page no. 71,https://docs.google.com/document/d/1YaLeCN4S_eBxQ81ARNoDJC6biSxer8NN/edit,,Working
157,Storage Racks,MACTECH,122720,SM 322 SR 02,Mech,11-10-2025,7 A Register page no. 68,https://docs.google.com/document/d/12NAunw7YLzzIfdhxBi_VbkvcHAxVLj1S/edit,,Working
158,Storage Racks,MACTECH,"77,172",SM 322 SR 03,Mech,11-10-2025,7 A Register page no. 68,https://docs.google.com/document/d/18jHW204U3n2GXKPDxcPhOP48O7T1tqR0/edit,,Working
159,Storage Racks,MACTECH,72452,SROL/SC/RACK/02,Mech,11/10/2025,7 A Register page no. 68,https://docs.google.com/document/d/1t-5cUkTjK10xZ38jn9PfwUoo2ERG95ts/edit,,Working
160,Leakage Test ,BASS TECH,28084,SM 334 LTWB 01,Mech,10-09-2025,7 A Register page no. 77,https://docs.google.com/document/d/1sw0582JBY7708FjgJUPzeKxgeGNMxKxo/edit,,working 
161,Hot Air Oven,Ferrotek Equipments,165200,SM 335 HAO 07,Mech,06-08-2025,7 A Register page no.78,https://docs.google.com/document/d/1QuAD6fuPp-Mi6d3jfgCaGHEwoyg_exe4/edit,,working 
162,DIGITAL MAN HOLE COVER TESTING MACHINE,EIE INSTRUMENTS PVT. LTD.,"4,98,998.40",SM 336 DMHC 01,Mech,16-10-2025,7A Register Page No.79,https://docs.google.com/document/d/111v5guhhmqIUOT5YicJYUTAVdxWFBJPQ/edit,,working 
163,SEEPAGE TEST ARRANGEMENT ,BASS TECH,486160,SM 337 STA 01,MECH,21-11-2025,7A REGISTER PAGE NO. 80,https://docs.google.com/document/d/1xucM59wG2JM8gT1aNrK8NZ9QEfchckYF/edit,,
164,FIXING STRENGTH OF THE HANDLE TEST EQUIPMENT,BASS TECH,362260,SM 338 FSHT 01,MECH,07-11-2025,7A REGISTER PAGE NO. 81,https://docs.google.com/document/d/1MgROVnlNHI24KnOBDE4DLIIxZzSc5bk8/edit,,
165,DIGITAL Vernier Caliper(MITUTOYO),SAUPTIK TRADING COMPANY,"13,200",SM 339 VC 04,Mech,02-01-2026,7 A Register page no. 167,https://docs.google.com/document/d/15bhCCWQoXeftN_kXT-Mf-0pOX3rDsp0-/edit,,
166,DIGITAL Vernier Caliper (MITUTOYO),SAUPTIK TRADING COMPANY,"13,200",SM 340 VC 05,Mech,02-01-2026,7 A Register page no. 167,https://docs.google.com/document/d/1X0ELxAuQBPf-lUjE94yzRyqhQYbWJJpZ/edit,,
167,MICROMETER (MITUTOYO),SHUBIKA ENTERPRISES,"14,349.00",SM 341 MM 02,Mech,13-02-2026,7 A Register page no. 131,https://docs.google.com/document/d/1M4e2siEkhwW6unwJUlfU5oTVEB8ZtIaS/edit,,
168,PEDESTAL FAN ESTEEM ( BAJAJ),AASHIRWAD SALES,"3,131.00",SM 342 BPF 01,Mech,19-02-2026,7A REGISTER  PAGE NO. 82,https://docs.google.com/document/d/1ht6qudSjRQLCv2-9V8Gf2Vev75Ltynzn/edit,,
169,FIXED BASE BENCH VISE ,BHARAT UDYOG IMPEX,"15,574.41",SM 343 BV 01  & SM 343 BV 02,Mech,18-02-2026,7A REGISTER  PAGE NO. 83,https://docs.google.com/document/d/1JoxrhSVKfpPKdP421dvu3jF2Y_UxnKp7/edit,,
170,BURST TEST EQUIPMENT FOR LPG CYLINDERS,VANSH INDUSTRIES,"2,12,400.00",SM 344 BTE 01,Mech,27-02-2026,7A REGISTER  PAGE NO. 84,https://docs.google.com/document/d/1QqpL0_bEnEKY0xAZbJL-vjMU-F2gNpQZ/edit,,
171,WOOD DUST COLLECTOR ,CLEANTEK,"57,820.00",SM 345 WDC 01,Mech,02-02-2026,7A REGISTER  PAGE NO. 85,https://docs.google.com/document/d/1sBef_bXOWyuNmfFpXJFWtyikAW7X1XRm/edit,,
172,WOOD DUST COLLECTOR ,CLEANTEK,"44,250.00",SM 345 WDC 02,Mech,01-12-2026,7A REGISTER  PAGE NO. 85,https://docs.google.com/document/d/1hAZcbKXA_9AfixaTEIwQmt4a0_mhDKRf/edit,,
173,,,,,,,,,,
174,,,,,,,,,,
175,,,,,,,,,,
176,,,,,,,,,,
177,,,,,,,,,,
178,,,,,,,,,,
179,,,,,,,,,,
180,,,,,,,,,,
181,,,,,,,,,,
182,,,,,,,,,,
183,,,,,,,,,,
184,,,,,,,,,,
185,,,,,,,,,,
186,,,,,,,,,,
187,,,,,,,,,,
188,,,,,,,,,,
189,,,,,,,,,,
190,,,,,,,,,,
191,,,,,,,,,,
192,,,,,,,,,,
193,,,,,,,,,,
194,,,,,,,,,,
195,,,,,,,,,,
196,,,,,,,,,,
197,,,,,,,,,,
198,,,,,,,,,,
199,,,,,,,,,,